Country Name,Worried about not being able to pay for medical costs in case of a serious illness or accident: not worried at all (% age 15+),Worried about not being able to pay school fees or fees for education: not worried at all (% age 15+),Worried about not having enough money for old age: not worried at all (% age 15+),Worried about not having enough money for monthly expenses or bills: not worried at all (% age 15+),"Worried about not being able to pay for medical costs in case of a serious illness or accident: not worried at all, income, poorest 40% (% ages 15+)","Worried about not being able to pay for medical costs in case of a serious illness or accident: not worried at all, income, richest 60% (% ages 15+)","Worried about not being able to pay school fees or fees for education: not worried at all, income, poorest 40% (% ages 15+)","Worried about not being able to pay school fees or fees for education: not worried at all, income, richest 60% (% ages 15+)","Worried about not having enough money for old age: not worried at all, income, poorest 40% (% ages 15+)","Worried about not having enough money for old age: not worried at all, income, richest 60% (% ages 15+)","Worried about not having enough money for monthly expenses or bills: not worried at all, income, poorest 40% (% ages 15+)","Worried about not having enough money for monthly expenses or bills: not worried at all, income, richest 60% (% ages 15+)","Worried about not having enough money for old age: worried, richest (% age 15+)","Worried about not having enough money for old age: worried, poorest (% age 15+)","Worried about not being able to pay for medical costs in case of a serious illness or accident: worried, richest (% age 15+)","Worried about not being able to pay for medical costs in case of a serious illness or accident: worried, poorest (% age 15+)","Worried about not having enough money for monthly expenses or bills: worried, richest (% age 15+)","Worried about not having enough money for monthly expenses or bills: worried, poorest (% age 15+)","Worried about not being able to pay school fees or fees for education: worried, richest (% age 15+)","Worried about not being able to pay school fees or fees for education: worried, poorest (% age 15+)",Worried about not having enough money for old age: worried (% age 15+),Worried about not being able to pay for medical costs in case of a serious illness or accident: worried (% age 15+),Worried about not having enough money for monthly expenses or bills: worried (% age 15+),Worried about not being able to pay school fees or fees for education: worried (% age 15+)
Albania,-0.09105098950563843,0.14910569664540163,-0.08948655778789544,-0.26878667323098854,0.03173386603126801,0.15420106869425582,-0.005273407409440552,0.3683562218348561,0.5816684977682235,0.015231580134941396,0.003130621509371849,-0.29830519345379797,0.2403200771622869,1.0104760555795655,0.30987831484584605,0.008018994903850399,0.5033865346311722,-0.09465078670182266,-0.06501860532051068,-0.15800145878338298,0.058098185395720064,0.24708323649898375,0.0040093411483394445,0.43241519983266696
Algeria,-0.7408417412434574,0.2921183066227059,0.1895409004768453,0.4076182272274946,-0.05892984727365274,-0.7503462366215535,-0.017341262973245647,0.06298163586756346,0.23638307710756634,0.10908953254727749,-0.08041882080024151,-0.4502938867771445,-0.4775957593808562,1.0381746907339038,-0.8125767435907619,0.012185085192249971,-0.6592073604483448,0.14496554580959128,0.10115484234882388,0.09426153255519239,-0.35678094365140167,-0.10857334845080914,-0.12814819478298886,0.30300363536458463
Argentina,-0.13221857681013716,0.3936366731365342,-0.46877835967725334,-0.15247141542628015,-0.052867140665948685,-0.42539686972748314,-0.025137921515670313,-0.0031232992612058295,0.3812169364787769,-0.1699146609240597,-0.013210750108464708,-0.6426196620645714,0.2555806874182599,1.0254799589012327,0.19449191999214235,0.014657934247734374,0.40078912653661974,-0.1505706629868291,-0.03606317757185025,0.1289370211368623,0.03611751563101279,-0.1353824158374846,0.011511952365544857,0.38819259233916453
Armenia,-0.7554220191164859,0.34832355533815645,0.3541990119201807,0.14929499669107826,-0.0762967549734276,-0.7586713696528022,-0.00581910559314565,0.22776821298692085,0.3707935206993716,0.2283303337554935,-0.046017611296629186,-0.377212795890191,-0.38070997585979055,1.391293712222996,-0.48373385171435074,0.015450402443384519,-0.5510588260423538,0.17994137548499567,0.0979820739554998,-0.05391353161043298,0.1249483307344417,-0.1354396494176035,0.04189069030646351,0.2962821536388037
Australia,-0.3603729265752008,-0.6640802996924685,0.3891047794972735,0.010955793066232218,-0.6580362102540767,-0.46708315581687204,-0.15848265111801083,-0.532871840578705,0.31378612434134995,0.09061945168413786,0.2294672300946513,-0.6126714565556722,-0.478130231996729,0.8932740576224296,-0.12668887466192247,-0.05517855245832834,-0.5979445106002459,0.07448428101515674,-0.0830358508739846,-0.0973138228753669,-0.3565629646233265,-0.13836728403271992,-0.02161274221522035,-0.6157813439052552
Austria,-0.3607959290675899,0.24658957146796637,0.4697490801627907,0.02395464717824325,-0.07790435742347654,-0.41187483509151207,0.06549131962990941,0.007625276303006103,1.0811487992987532,0.21545822047249202,0.25248219695427904,-0.5384785768842266,-0.5081588768581969,0.5573573443074747,-0.6535322669876041,-0.055418536380857406,-0.48312415818933,0.07278569112158947,0.011041703559458256,-0.034859337169073114,-0.13096643544037762,-0.13836728403271992,-0.025500241642148466,-0.5987155605794396
Bangladesh,0.042889050244541524,-0.884848150258722,-0.058292534149568385,0.09506011881439917,0.043985442464581866,0.3294236498338978,-0.07637010833857857,-0.3771426145602163,-0.5266954806111244,-0.09006816630574577,-0.020817941687637356,2.2291170124179005,0.16089096107913065,0.1961111248353336,0.14216962298116415,0.0065773920765968795,0.28504909159451924,-0.12833002406849117,-0.21028485560971602,-0.04287739258395959,0.034858691691360945,0.43048859817633456,0.1075323905190453,-0.24741816110801665
Belgium,-0.35124179797017857,0.31161006569411254,0.48191017670112046,0.024905450648284387,-0.09107910870615342,-0.36574202869800504,0.06633941425327067,-0.6332274943567654,0.4280949462798526,0.32801246239341253,-0.020167931641935866,-0.4492038014124955,-0.36248272746386645,1.0786562293969109,0.10350426150951535,-0.03656084068807104,-0.49711944488692095,0.06545381035370156,-0.07291913370196199,-0.05649756780152529,0.127494416786476,-0.13819180806851364,-0.03251872671447927,0.8374192785753984
Benin,0.0836416073158307,0.07893278175931301,-0.03061299748800593,0.291650603866492,0.1779177151363274,0.5893487609338627,0.03806388647505628,-0.1332465568693442,0.651566769450983,-0.2953223502992023,-0.12104286893492827,-1.0042678356670693,0.25337831700247987,0.23950853514058962,0.21913002381334082,0.011191731659564538,0.3232351994539204,0.06625429749907198,-0.7091707524265439,0.16491239740784294,0.04440163006178409,0.514922662865165,-0.007276886962354183,-0.3451578703349878
Bolivia,-0.1181972899063112,-0.021466988681740986,-0.24746129619847124,0.19568081730394624,0.12721342597411422,0.0025906311032122178,0.0345994366324885,0.24779097134502082,0.6022532321080143,-0.7592608897848458,-0.1470842385387732,0.0617805548447177,0.2306272540500322,0.2847531233557993,0.24937184424052247,0.005668425724197732,0.3205546951132055,-0.17465446267848164,-0.5090612498690825,-0.1662584902876006,0.03361535816702599,0.24567304177176993,0.013480528569780291,0.09598620582735748
Bosnia and Herzegovina,-0.5831959522445505,0.2747305816511289,-0.31452513014484795,0.1091766229161476,-0.04362321749581497,-0.6311020013559028,0.04534853077819207,-0.06048104884474014,0.43067492403923097,0.4924883780216578,-0.06041165936854668,-0.41618884822277324,0.10703679577425645,1.0876144819628826,0.6064950401501846,0.024971107138444495,-0.5290891255257884,0.18056561968471216,0.2520843082843567,0.3595746945746578,0.09505784632088762,-0.1123326233944681,-0.0313420398067683,0.3200055677890123
Brazil,-0.5489337301206797,0.3575419120379047,-0.31544082611213525,0.2223750859260872,-0.18884308328824773,0.8168780845147375,-0.03419144963096187,0.08807868162148225,-1.7070124435834078,0.021414255518839128,0.01422070448705199,-0.44642188391741,0.22032851506730367,1.0399306071786487,0.20715894017514075,0.01238616680031555,0.2615598388464423,-0.11989556816384721,-0.7413882052854751,-0.3015662396281732,0.04681763722942378,-0.030616122223145793,0.0015066901968384628,0.2461411594879246
Bulgaria,-0.6536765292496785,0.3586067106988594,0.313532153228997,-0.06907383354335252,-0.07765383793242109,-0.7264942004375189,-0.070984179210609,0.07865051714121364,0.23018953499973577,0.10940159012282948,-0.09250658443648717,-0.4014276729330959,-0.34053430366657267,0.9879747950364072,-0.7899365951088839,-0.0015286878725964926,-0.5266144201204588,0.1011485786474077,0.142103151371266,0.019835765353291207,0.1227498486274635,-0.14015389308173326,-0.12952128873672336,0.23679372137095925
Burkina Faso,0.20311220119298012,0.08218514770111142,-0.14117127386247375,0.019039618146016436,0.18191291549399466,0.6921159020865889,0.042771970564126606,-0.03631067998991057,-0.2498723903696373,-0.32118701416834483,0.10646955600830552,0.0037024815008226144,0.27488232849855193,0.2808997134837,0.38983247727243,0.0039002976377923914,-0.11358624065876938,0.10280072235918397,-0.27934111177506565,0.20421025395949982,0.05331806882109959,0.3341418078369952,-0.03828762722132524,-0.38736639888537866
Cambodia,2.187501702573627,-1.04946351525291,-0.27088231763028037,0.1317741504782316,0.0017301446041892632,1.1040134607060645,0.02914027027168004,-0.115704497104025,-1.8669655969175438,-0.2477501457607923,0.04162400019553388,1.2180702161243062,0.13788992102963676,-6.224558388562113,0.13497730305607547,0.007762776396248228,0.2469772542996907,-0.10700074586693517,2.067185864131243,-0.11909804197844095,0.022949758318673047,0.11414465387689234,0.04153706446435535,0.04256889495272844
Cameroon,-0.04096523134372546,-0.026370159884145324,-0.32262627644828173,0.17621080243019605,0.0775504430869114,0.0720269171155087,-0.16407939490076387,-0.1995980482028608,-0.2908211464735723,-0.10292862113553383,-0.1603906312172694,-1.0852787621734206,0.21616940993522804,0.010011342521356709,0.2171214383552433,0.0004001192319447,0.28851658838262667,0.1145100624852057,-0.7523920859167265,0.08895714368971312,0.04237643604481491,0.3190879880707416,-0.037711767977452834,-0.449560214903795
Canada,-0.2690688793652225,-0.22552969228076108,0.3851884983943353,-0.27223024350977537,-0.4578543329666081,-0.4499924499617919,0.2553231923060048,-0.6671228467939045,0.9823218584531788,0.1613845019568862,-0.05169719178704327,-0.5004304828661952,-0.4976414137993925,0.9875931908877829,0.04658272577042226,-0.048951283106580375,-0.36776108212565306,0.06863965760310747,0.12465405254579309,0.018450181374901148,-0.23311836026371566,-0.13836728403271992,-0.020784632131981198,0.23603597614099273
Chile,-0.6127908360534821,0.2405058560366524,0.4765618782532772,0.7858040486515074,-0.05413856045694047,-0.0004769228191435104,-0.012711370926372183,0.27850026108237214,0.02099524847635621,0.0055104221710553245,-0.10782561899617576,-0.1794518583667741,0.7499954778274333,1.63610768865954,0.5509020994597813,0.01680836028242993,0.8890552302311698,0.1839590466820482,0.5865889437437,0.349031881518149,0.045779947467744934,-0.029418737669402617,5.222002931986935e-05,0.35044898322375956
China,-0.26523447865009075,0.3839292899515749,0.2775474517403279,-0.280237362072412,-0.12067928971533093,-0.612611892590503,-0.014121313558516703,-0.6888438200118617,0.3581391081239053,0.31899217932670126,-0.07184732641875598,-0.5954706892897775,-0.561779035506006,0.957367813726014,0.3227569996728562,0.013560139425972012,-0.6346624734868237,0.11287343392328694,-0.060848899534103114,-0.4898037077803201,-0.35767546965044855,-0.13896973521303152,-0.04246828738017939,0.30627413802823866
Colombia,2.6659075060321946,-0.4332538066768575,-0.14707260686585868,0.065943946491916,0.033981451517611276,1.1869856298703052,-0.07071338493587519,0.1041546608707813,-1.2835500853345547,-0.30218675062616057,-0.02324905758485329,0.16254158309600825,0.1717495067855998,-5.089257551973865,0.1716965988826996,0.0071414592971450475,0.2922296626684692,-0.12527012309110433,2.1764311852004177,0.40070510664422726,0.027624022716800027,0.006294208467179488,0.06327852416707173,-0.2569858792925879
"Congo, Rep.",-1.3117208598005528,-1.319142614280863,-0.7127699531647886,-0.575105012209724,-0.19642939745056537,-0.9126561959733226,-0.020870247477796512,-0.33914817602080805,0.22204749921991607,-0.1295662503233234,-0.20429113633905216,-2.0144745347115713,-0.027414065034754458,0.4591690986087269,-0.8025559229496867,0.010953198844472354,0.22632651742489543,-0.31906889879890515,-0.617602498537235,-0.06349545796047096,0.036588570356252605,-0.34967916874789806,-0.1302448092556733,0.09322586854977999
Costa Rica,-0.8192170164348499,0.3943069944691888,-0.12319138508722972,0.13124194480040388,0.08097740800557403,-0.6300252707805339,0.0466319538004609,0.06699856146042293,1.498475846421752,0.011578344144436415,0.07871387104058158,-0.5559672384878831,0.24026739619912404,1.2796764986939524,0.20527335200138622,0.011086086663544848,0.2898953720071586,-0.05784295969271625,-0.45734806038148235,-0.10718392455592038,0.03643554386452706,0.20262820320898756,-0.0001317669694253709,0.2582191360295656
Cote d'Ivoire,-0.034907829587909875,-0.027722986677681548,-0.19160777578195848,0.053050847603990404,0.18770579467298376,0.2377905741200084,0.05760491163717234,-0.11567969216110213,0.055613473186895135,-0.0792855225211224,0.1970063168175693,-0.012184072228210425,0.27442224075859484,0.3924143249716326,0.24476193731301465,0.013746932388221467,0.42323110521982016,0.20587761455164583,-0.5049632121950345,0.2505719194094672,0.02257854353136281,0.3192606242949023,0.003331212160992436,-0.4494685159076471
Croatia,-0.25282265455274683,0.46656489420245634,0.5965394091128553,0.027356149055185595,-0.06948187150920603,-0.2858870803441823,0.1323060581556274,0.15998013766817165,1.655907872207572,0.3708061180528921,0.05341224613219311,-0.31047042207264897,-0.2303453244377306,1.4003395667695986,0.2514044754044153,-0.03177967810159316,-0.3692708960839809,0.046351094907204245,0.2613619672702407,0.015562951006431831,-0.13065018956857785,-0.13886218989369808,-0.032020840684708674,1.3649295553045522
Cyprus,-0.5862494596064426,0.33802529041528034,-0.2836829556130397,-0.4210906824734593,0.011876599075467311,-0.6273681772746932,-0.006228660760189087,-0.1807114663070206,0.24421632121939182,-0.029967487279564012,-0.012570755518281658,-0.4295044244517339,0.270066135520392,1.0426629783627868,0.2729686565662269,0.01411445319534323,0.3971679804364976,-0.12756063466851628,0.037348953236105445,-0.2423790960810038,0.03294482115685241,-0.02942089762924297,-0.00464007297749049,0.3345388737029316
Czech Republic,-0.30072315257264565,-0.33085622188445996,0.47450171453111467,0.009970172002858817,-0.09234414920088056,-0.44371621077822054,0.23045295468215043,-0.5752469163132627,0.3106795326733118,0.06077529568024602,-0.07922438055322345,-0.5277937941991149,-0.4123966189087514,0.9909093918270809,-0.09515286748704967,-0.08175493888636992,-0.4980176761324765,0.013322827545907785,0.009675527682793473,-0.030361061912117293,0.12579666892092972,-0.13897118034758024,-0.04493287007120671,-0.7289699540633592
Denmark,-1.9810499881997656,-0.27678467448745325,0.46429492362310043,0.042782274193950795,1.1587563199478927,-0.4768662867065723,0.31889255308884457,-0.17381398666242603,1.2468914223224783,0.10339747172881289,0.45241256151997733,-0.5880103043618419,-0.4739240597352182,0.8417315930888344,-0.6379033682636509,-0.030106197886943846,-0.44429285430540405,0.05186186316850581,0.2495326701683007,0.018697452871219867,-0.1326973645615726,-0.14040732760244282,-0.02283244240868953,-0.37523179069394247
Dominican Republic,-0.047525454893611825,0.2056491976457437,-0.18723870056464875,0.49338266096428923,0.07503817526649073,0.17268391575589703,-0.010929566558952502,0.2627204000826896,0.3944599211484092,-0.09421428431966888,0.10010118065159986,3.8657610988904163,0.17151455549128514,0.43327294135813643,0.22799416778696469,0.016722115306183696,0.5655329840948252,0.5322702627122635,0.07845561760455894,-0.13295592162254252,0.0371400231872758,0.01064689222137531,-0.011599320548557444,-0.38543077409214677
Ecuador,2.7644331491466527,-0.44750535378503625,-0.02308512346743328,0.0685120062345777,0.022994796511702588,1.1694324659093582,-0.029857761018374732,-0.03145489075741352,-1.8248527323207235,-0.2498026745333391,-0.006430552943802468,1.5228694710890522,0.13461119250227058,-6.741631561196814,0.1349702617523144,0.007762776396248228,0.2465827921733944,-0.11374181692452112,1.981738601170291,0.2326733835478717,0.020181265644250743,0.006369870246735445,0.07171111857907818,-0.17902052487657782
"Egypt, Arab Rep.",0.06382628292003574,-0.770896052711123,-0.30093465660689617,0.037991658899682076,0.014489952316762356,-0.3084878691446102,-0.04722717512478994,-0.08154306892751265,-0.2448790369575363,-0.10710488149969934,-0.0018915028935407464,-1.3497389915723943,0.253903199986853,0.5488511029467554,0.21162721225904535,0.006650357470261952,0.5060699129173009,-0.31335134064436715,0.09365143079998234,-0.3096673143614134,0.01556133993450203,0.13972815662479662,-0.0032141313025204,-0.22400667785650513
El Salvador,-0.37714310792325706,0.4752577056209884,-0.3482682965875574,0.06803371526717455,-0.053515316194443587,0.0425747639637666,0.026670088927039613,0.3849735505429453,0.21264312618448458,0.013099355430540527,0.04229852529533673,-0.459767780195416,0.40044742471767675,1.282336708802868,0.789733647229441,0.016085252048142137,0.6492086252015724,0.5222980504246516,0.7181644110196066,0.4707913345542147,0.039821814438182626,-0.10435871164820128,-0.0008312491203832906,0.49146637852065395
Estonia,-0.3494183129974226,0.3990197449917832,0.5922912444276597,0.05080414002876751,-0.08071490071009066,-0.364480943810413,0.06600299026113135,0.054051148245889635,1.5580499382966808,0.24346528414766908,0.5134372355088089,-0.3074822337228216,-0.35860019219140665,1.320950320207894,0.15443007425637917,-0.030526065213289256,-0.3660731267511619,0.08342145995518876,0.3894528419336348,-0.03265410722084198,-0.13071129730497888,-0.13819180806851364,-0.027382190699645436,-0.3879129650761752
Finland,-0.35660060506377705,0.30865520867671875,0.46972592215931286,0.029355312777906876,-0.6810696073799136,-0.47499983057285133,-0.02123467618106588,0.01342948864079517,1.0711169648766008,0.1961976771216314,-0.1438222875703832,-0.38397676587415847,-0.4364472881973416,1.0109103860072082,-0.6985394380311482,-0.05880148299629582,-0.49140072369593324,0.0361723683987475,-0.05314891094934865,-0.19187841766950442,-0.13093999672407336,-0.13985494915257732,-0.027774323053017726,-0.8674175201204344
France,-0.27646652852818077,0.40951686815809807,0.4695629833766441,-0.259851450905926,-0.4328857671181413,-0.42126296840731814,-0.01492284464842669,0.07534220494511829,1.4681608107055582,0.3838750647320148,-0.0437319539618511,-0.34244683959388567,-0.3760766679898734,1.0896515252720018,-0.14502962649799883,-0.03599445742773241,-0.36815798682771855,0.08037828019883818,0.14461035779204395,0.030180940111458766,-0.12942888760665483,-0.13836728403271992,-0.02132183836452896,0.3207859016188013
Gabon,-0.6722597885578216,-0.043852430825236294,-0.8409497980579181,-0.07337418583638282,-0.16393181910514612,-0.11919729133944201,-0.030388986139078044,-0.18671983196623843,-0.18653992871761146,-0.10736604115157206,-0.25966560437616865,-0.2998658653680104,0.25867853855454087,0.6058657623609178,0.21227667511528125,0.01732023310223667,0.36495886535165484,0.15395386484124174,-1.3521264295167201,-0.23777876437419765,0.004714308804923348,0.0029673645419097737,-0.000805374372866936,-1.0367472294154867
Georgia,0.03226011070419418,-0.3869885912371137,0.03134348491012133,-0.1934459088958465,0.040125140478630784,0.6417426190996958,-0.037306577620420285,-0.26653568362180524,1.0452270913341273,-0.29629393203154,0.05204469011281617,2.821230282611341,0.17891786685648184,0.9369583389089484,0.13288214309344767,0.006950660821039492,0.287572000320215,-0.13751944453445503,-0.450535254706665,-0.16599378238168355,0.03626328071122771,0.5149724116825655,0.06706326574829291,-0.03005861665964403
Germany,-0.3529284547203861,0.3303552418827712,0.3890411748824852,0.02031922207638672,-0.8149613270428472,-0.480408743907974,-0.013089636832992255,0.015037409409269458,0.26326172774697626,0.35561216285124375,-0.10177112500992734,-0.4284151534478406,-0.4908083692591026,0.9821161630322058,-0.08816384567297064,-0.10711444923232193,-0.5957345841688584,0.07869874042666197,-0.04785827897105264,-0.16509396049553288,-0.35660815378828375,-0.13835807927476707,-0.021253545173240126,-0.8373242541444051
Ghana,2.7535750646741506,-0.6813677341115862,-0.14733061920790078,0.08655157445420628,0.043171014548629504,1.2775304157753817,0.020551424475095247,-0.12411063326050681,-1.3134424545527508,-0.09092646114232593,-0.05858551791709033,-0.6252967333971355,0.14448861494536686,-4.277232700164604,0.14052122159439023,0.0075197460379968105,0.24291269833767729,0.02807111748144962,2.13132198933632,0.43734299384645053,0.031490087449519706,0.10858809623040543,-0.013181122834685083,-0.26327329592766546
Greece,-0.6156575858336873,0.24989598296413532,-0.33353686801778165,0.4234023586224248,0.0019929716469869164,-0.06267302796522926,-0.0043248210524689055,0.34651956082720065,0.9415680228095517,-0.0031434526001157793,0.0032669581122900127,-0.4136720114501077,0.25072651403366764,1.6174787119337635,0.33380183527246116,0.00892412970018995,-0.5226627293640922,-0.13228052378064603,0.10376530553392513,-0.12289899342120407,0.09867655890138849,0.24443100484389105,0.002204488765710266,0.4222624182481923
Guinea,0.13765769145187734,-0.538263677096561,-0.2047030504809709,0.33362644040214945,0.05867529807701885,1.0380945944657287,-0.09604425122233123,-0.25802542394530065,-1.5996719616795234,-0.2957010930319939,-0.09628024532816198,-0.7235465515176657,0.22790445563594403,-0.2760394082488756,0.21991389239454293,0.007615379164435581,0.32408458334852186,0.031153640442912547,-0.816709665640119,0.37593703664455463,0.03558438545988793,0.11685054435324674,-0.029372842309421686,-0.3472347802035893
Honduras,-0.6505401577630345,0.3391005152057733,-0.3444881327152689,0.5394275988581103,-0.10114054122886955,0.13757604845986862,-0.011977379941054096,0.31176744031952697,0.6392954826700589,-0.0765935456511852,-0.06659113290916138,3.5989046927987327,0.17344815382401066,1.119086322332878,0.2268118371235323,0.013823724796657189,0.5647505572253795,0.5136809186732717,0.09481333331706993,-0.06668035653501647,0.0167412652121493,-0.029885911082492386,-0.0025497074254963083,0.09740057032549884
"Hong Kong SAR, China",-0.25235355452934527,0.42486153095329426,0.4891436006108495,-0.2602369699261635,-0.10302535339954375,-0.5926953713253169,-0.0122213416266095,0.07250556691215024,0.46198388572305704,0.34797643707217046,-0.05132077471944285,-0.3841111341052965,-0.34651174983337113,1.0991615807308335,0.18752799433364997,0.021218370890710502,-0.5288170280453051,0.04537571135258986,0.09531233503072144,-0.048451444504371464,0.12733816538839166,-0.13885298513574526,-0.04197694377653534,0.3086631472736917
Hungary,-0.26855506057878303,0.29361176655012966,0.46128857930188016,0.015064343595831815,-0.0667944001813703,-0.3553236184095294,-0.013035629590995086,0.13468107194639742,0.4272532487803255,0.3371289345787045,0.48645427363646376,-0.3567833628494191,-0.3529614086740185,1.4139585423298013,0.03688052625497221,0.02100659832743986,-0.5167837340229198,0.07401807587642907,0.20520948240366124,0.012412410673659906,0.12904886696994253,-0.13536744176170032,-0.039828162446647185,-0.3446859007835883
Iceland,-0.3459679069445338,-0.2775725292071729,0.46667900044382693,0.026318669261227116,-0.4992747660971599,-0.46330721229311167,0.2588846330516208,-0.5346112631760889,1.033772175188169,0.10707972864820021,0.2482031054590152,-0.5164532507459626,-0.4101737786040394,0.9793897474659298,-0.7014062229025876,-0.04516171805511476,-0.4823723360481381,0.08743512585990175,0.0019136555052136827,0.09566509060750832,-0.129736595318127,-0.13836728403271992,-0.020784632131981198,-0.5385076324196416
India,0.0010238342361299146,0.36056859849390094,-0.18486490699488514,0.22898762123440974,0.04633275486095954,0.9886401752674828,0.040681804008315794,0.17592836280286975,-2.0544476113763994,-0.08590133689706818,-0.03324560586605003,3.200902709647762,0.1588640545876842,0.0001971763718756847,0.15673766723964946,0.007178494242707529,0.29305057980622223,-0.12537189444487012,0.013177372292047948,0.4805393841493242,0.03504857749870098,0.008683434633594516,0.07184395259057055,-0.33438323847460194
Indonesia,0.0924749899186918,-0.8512340317296911,-0.032195986260237536,0.11214011201698668,0.15723311765243125,1.0934615909443346,-0.06741054090934995,-0.46183085639164345,-1.9973973125642805,-0.245776026807207,-0.024567922062997242,1.4504767275249286,0.1650714691693429,-0.16828708985646246,0.1489960717773647,0.007148385026102915,0.2822638939488024,-0.11096366549543746,-1.5242097350777113,0.03861975999860988,0.025453932537247967,0.31673774490659523,-0.01169380899042153,-0.2004833907774082
Iraq,-0.7590523088780902,0.33005209880748226,-0.8338746662300036,-0.3618134074605587,-0.06355437090403938,-0.37113385672935695,-0.049803205808607344,0.059524554102335966,-0.16532582753927272,-0.056802991197482694,-0.22872007990248677,-0.7398951048655181,0.2944019187759841,1.0226942790720204,0.17780661558645078,0.008791677474109747,0.19188478822288743,0.11060782680993725,-0.9380046682339889,-0.36066486401034126,0.023054748672875575,-0.03004258810869942,-0.0007590202071878593,0.027230524235546907
Ireland,-0.3114288530504018,0.4227879737044532,0.5879912706403309,0.05277870882978277,2.659192706640597,-0.38281847615318837,-0.014428930574758851,0.1445824060546147,1.9286645189868796,0.4072099474625338,0.06783276888132604,-0.28796710125117897,-0.259516608161357,1.4269249363165,0.20397890228923643,-0.026067622377086083,-0.22872683836303623,0.03285087123449557,0.34279420011667755,0.12686608605032235,-0.12880366048371797,-0.1398923979094252,-0.022857841926816037,1.3771974485618557
Israel,-0.23657581091694738,0.42790971469934447,0.6369040472250243,-0.22408796364642514,-0.38366101798391355,-0.4021287360853239,-0.00951920837174839,0.07254380989605125,1.6576627658525467,0.3625493554262312,-0.0448489894722843,-0.307762967931194,-0.2890852125291531,1.3062386200454057,0.24921388288435992,-0.031373735368615596,-0.36855674415404793,0.05782620249950923,0.16123681924895208,0.01992877058844897,-0.1339649221196578,-0.13835807927476707,-0.02085437733170693,0.3287422968602914
Italy,-0.4037968922631808,0.36567613598221216,0.47957876097393526,0.017517195421742144,-0.5334832467616161,-0.42111416034131255,0.0657082237096256,0.053449387752771145,0.8847779358373373,0.21016176579043078,0.502479216166812,-0.3332021263002753,-0.33862059052822585,1.0698709158683233,0.03170836172474083,-0.05219131061356166,-0.33347607539946694,0.07800231824125149,0.35661189713076963,0.00833125754989851,0.07222463290087944,-0.13897118034758024,-0.021723247517657,-0.47305577447332325
Jamaica,-0.491925299227878,0.10632071733032716,0.41105437922848864,-0.21139988550487943,-0.12591885283063675,-0.8777264889092475,-0.06089028294754826,0.1829736031190987,0.3538371207160162,-0.17060386887615095,-0.07768154330075049,-0.40929902653264433,-0.3612190412826021,1.3880201575120008,-0.17051907030967414,0.010408143330587337,-0.5465646234822634,0.12309222091489573,0.053013661658915225,-0.260359115614483,0.12534613290776178,-0.1353658818326221,-0.0025262718535668683,0.25102544069319266
Japan,-0.6709043409636979,0.31886915718341696,-0.9005572321573345,0.057593476915535576,-0.19813143117848994,-0.9518608391708403,-0.0556793325471881,0.010677040301234229,0.22084852706468155,-0.8437704014934571,-0.0825887158279238,-0.5270696502007559,0.3015598754004168,0.921481087950342,-0.9214305854510166,0.006013845862507878,-0.5293886931281668,-0.1602750225947784,0.08212960548244155,0.07836664835291231,0.07774400618181972,-0.13907529835283639,-0.13337616877804975,0.16222676494031474
Jordan,-0.7229566134514062,-0.9862357851339584,-0.30477352206380603,-0.080580582123348,-0.09247525498416508,-0.8221673950473632,-0.019497206101659684,-0.14006006473913657,0.22284063048027747,-0.1052501154193942,0.09041655658689705,-1.327080603954837,0.2054614367760223,1.106558381131108,0.1765653589795693,0.013787470798633876,0.40315917372856347,-0.33642702670164,-0.16404446842334436,-0.16142436387488487,0.031068764219744482,-0.11937699685673579,0.06047962906086468,-0.21515391299331896
Kazakhstan,-1.0105277934695778,0.36330774232574187,-0.4439328149018104,-0.5117808681346468,-0.19230559895805527,-0.038950671812854123,-0.018304677640699082,0.0391979444680328,-0.10563431163136557,-0.026070636154781824,-0.07696639003435848,-0.6386712790069032,0.00989375663742976,1.0479683335638765,-0.7792164946775302,0.012949607152331738,0.28567494974457075,0.17005492649353982,0.12704771302051085,0.010886820469295344,0.04015225736788125,-0.13911640859092586,0.03822825999654014,0.3384726118574872
Kenya,0.08825012400504648,-0.8868297537303806,-0.0780147969781865,0.30747732259984334,0.19651581899471238,0.4292328757690666,0.10767213293691384,-0.28510067520692245,0.1874737893832571,-0.1199130381856503,0.020754710139481176,1.746015559759453,0.18455764373085912,0.2532102748310717,0.21748977301787817,0.007883514846162143,0.5000663623481705,0.4636603790008303,-1.7761749955459345,0.1731419467984051,0.036081924402851656,0.3179141065126441,0.16575795307860972,-0.24032464690225425
"Korea, Rep.",-0.34076577671348784,0.38384080201978577,-0.5879683286407817,-0.3025963471194791,-0.17783952993447202,-0.6569071263045043,-0.05474901501593195,0.03326158864185345,0.26267080892534067,-0.023908402147899323,-0.08496420576384481,-0.4360927968756005,0.30690662163411614,0.9717017542215944,-0.6723028103192337,0.020139906288713972,-0.5291577323206366,0.2005028839569968,0.08710207763429935,0.04746835849980926,0.08393711347751377,-0.13990182763867778,-0.10016344613817636,0.23351040729809028
Kosovo,0.16048839653245522,0.1677334337166576,-0.38607407023440826,-0.24522582765303014,0.09639734635316927,-0.03969527252864282,0.0014697317259924603,0.3501801910168979,1.1173714401038524,0.025427636188042016,-0.007941498680229414,-0.41095193537170416,0.2487713502184124,1.1676026505771007,0.25636719095520677,0.00995928904034372,0.5314094172551995,-0.11057794150859991,0.09756102705498051,0.1295264206774118,0.05736120681074681,0.2458178297356062,-0.005346334430942079,0.17101799365676926
Kyrgyz Republic,-0.6255622602777293,0.3891302348647696,0.3954729493869752,0.11421077906622486,-0.129253182959651,-0.6937166019507276,-0.051118258059541406,0.07291299536685983,0.2230036754417597,0.15702758935323347,-0.06809408693759905,-0.43211196593776546,-0.6337323963964081,1.0748232639259732,-0.6566359051808831,0.011994529631119804,-0.6345638255900121,0.1028822501696959,-0.01259091261374124,-0.10843023692368661,-0.3559136854187818,-0.14005411758291303,-0.127923602139781,0.2412475072567031
Lao PDR,-0.6703925439729937,0.25728126532330864,-0.5691183860682213,-0.051359137387971716,-0.25268785113816195,-0.04479013615435178,-0.06494093233945022,0.017693225595212424,-0.30339734532761214,-0.7910889338794277,-0.2320969376726862,-0.7518981258308668,0.24587965170283496,0.9051030912878559,0.15813475192378973,0.01471318257301391,0.1840128965373151,0.0936498112972913,-0.8602312506335147,-0.21240408647312506,0.04298636379849995,-0.029066937358657015,-0.005696031849220162,-0.049789850389406635
Latvia,-0.3992379962913583,0.11530357098288732,0.4552807599254163,-0.015081218246459685,-0.07970047391992921,-0.6487838907670084,-0.02073099853234453,0.10336745998334664,0.3693330721631719,0.15029947770939545,-0.09876601118043254,-0.37419208082328625,-0.38769543058362615,1.3644887127913716,-0.02602717692105216,0.013124481785926036,-0.5495773669109257,0.02218305649845206,-0.11355379113671006,-0.04789912897963404,0.12645347964350548,-0.13531646532901503,-0.03952278717260924,-0.7993995349706529
Lebanon,1.4485175242787318,-1.5659475839997048,-0.12276991100069382,-0.7009517531136953,-1.8157510574240951,0.7900154170926725,-0.08152081237831225,-0.015804865398931726,-2.4352157533226637,-0.0923503745596372,0.002714869252686185,1.114312786560604,0.0854882136258675,-10.632535224035127,0.1344350935841794,0.007571180909562827,0.24689837577378057,-0.11368433487594302,-1.8615630911512926,-0.4610005959004866,0.010659206560840176,-0.04742865904802784,0.04548481179313967,0.04464048057279797
Liberia,2.701379473549496,-1.0606422886453948,-0.23339371629838296,-0.24717413791943726,0.04094688371587836,1.1463476185494983,0.044003193684845884,-0.11766729011274038,-1.6676782036836448,-0.21714117125687152,-0.010976689473172882,0.8555768199360864,0.13138468157376337,-5.175890767802625,0.13497730305607547,0.00783212395168448,0.24847889745553403,-0.10699773656764591,1.5204678603035426,0.5136251150775115,0.02239110381416367,0.05691156538919131,0.06556174149500293,-0.14993756722378748
Lithuania,-0.1784692657407868,0.49713641558909333,0.3197056606110323,0.022686477498054955,-0.06962120791542475,-0.3711417719791643,-0.014123348700031783,-0.0025104807654679462,0.35616951531712404,0.25467782012236057,-0.040414492327636255,-0.4009017821891575,-0.49781853161988693,1.3517052832136505,0.02379127852313104,-0.06032111370164785,-0.6147271918706975,0.04664197696210977,-0.11535323726788192,-0.05347478817056981,-0.3557692480186506,-0.12890251178258041,-0.03214872184049455,-0.431049545662172
Malawi,2.370009885045765,-0.9790892503875875,-0.16311900124063414,-0.24920230338285365,-0.5956612831528401,1.2582754750349159,0.03944630499078585,-0.13011851270494845,-1.7739936735260198,-0.21714117125687152,-0.003236756694477663,0.7976935466729447,0.13390742119743662,-5.406424882612623,0.13497730305607547,0.00807135476718031,0.24798108719191078,-0.10463088894794055,1.3653876310421764,0.5482659419082393,0.02428732569228714,0.03234192716102371,0.0659387789340326,-0.15042800146340596
Malaysia,-0.42705127711815294,0.3595013957284209,-0.44199120205867076,-0.4372263959574957,0.027320014741690102,0.7357183038192852,-0.03598728362478141,-0.019836502063299122,-1.953784273859892,0.01641213067277022,-0.10932046478199481,-0.5913775878103661,0.2458742372380948,0.11186694528863882,0.13849532287946204,0.011848746417799703,0.42921641002452815,0.045281479010591284,-0.1206052678703054,-0.3885198916850095,0.05792444290127605,-0.030246806492868927,0.003755265277723083,0.007633236692254286
Mali,2.1812961109610116,-0.88575002929716,-0.27674832858545867,-0.25505787002731267,0.018749048584686533,1.1096870898475937,0.02785343568328926,-0.13011851270494845,-1.7870347464838778,-0.21714117125687152,-0.008213709311621641,0.7983240708774065,0.1305436777180148,-5.32383690446793,0.13497730305607547,0.00807135476718031,0.24798108719191078,-0.10463088894794055,1.3708155050123605,0.5088514906014371,0.02388363735969733,0.08370631205440987,0.0659387789340326,-0.14993756722378748
Malta,-0.24228512389621756,0.4284451413710667,0.5961667167703206,0.02483539241725339,-0.08572947353012751,-0.287182095214157,-0.01502439367784973,0.1599111153231206,1.6226241148069311,0.4363235693610795,-0.01852919618047963,-0.3062562007087217,-0.26592428403830126,1.181847660870062,0.25277477389434355,0.02415836613072315,-0.3671276593477523,0.02814276695053195,-0.09430738710285368,-0.06259273897887396,-0.13193788621999375,-0.13885298513574526,-0.04197694377653534,1.2184773070663504
Mauritius,-0.6581030876031946,0.20919705454238283,-0.3823826812106745,-0.03017983683528655,0.047931199878185,-0.1570894990931447,-0.17035121943095874,0.24137816857228245,-0.29831203044130233,-0.015047180615720208,-0.14326470304375108,-0.5607444990879594,0.22776400759235912,1.273206114818131,0.24355362813919781,0.00960759851799594,0.2821936651675787,-0.3776880479251122,-1.0276749794217175,-0.2959202685107266,0.044265796824201974,0.0023335721215880767,-0.022535971671895822,0.10051551747679696
Moldova,0.0694417586475538,0.4523796273007247,-0.002576169662697794,0.1963716606991693,0.04088760957773047,0.40490330573838945,-0.01253711269750056,0.25198231902242696,0.9086288831149432,-0.06649495002237928,0.0534201126557673,2.883559249952086,0.14853016224238672,0.7924916152231526,0.39835402208176673,0.009020637792000344,0.34590270895383585,0.15018574370671559,0.6498597050627359,0.28139767552574996,0.04287344978532928,0.24778534306817165,0.0038449983425380197,0.19637370018253933
Mongolia,0.7642664003179925,-0.04907572730223365,-0.18143634182550158,0.03588104908223613,-0.21986956852163075,1.100596256417939,0.027773124084833397,0.13583458545754185,-1.926334970107364,-0.07645590958348293,-0.0517001407177122,-0.7470785484420958,0.19538067941954068,-2.0206194212232367,0.2525656401415472,0.00775585066729036,0.26174164059211763,-0.1133508034332408,-0.33547734089755976,-0.1882183105666718,0.04029528584115724,0.009552766360684473,-0.005102446274831891,-0.9937416602834673
Morocco,-0.7371207336064436,0.27933358373591544,-0.6815252348412468,0.644176354264182,0.0328557412216287,-0.0952787772247575,-0.07184742473456936,-0.2836723541807987,0.0487863567750901,-0.0013544721495509294,0.07956474102080392,-1.5427740030604218,0.2639356248872355,0.8071652748964698,0.2733410506954533,0.013148840628873585,0.35264406490583494,0.513443837581799,-0.524604084582279,-0.2631119215995386,0.018403012878115986,-0.033971109830745264,-0.0038425978626764846,0.07599122138859457
Mozambique,-0.4867348627702631,-1.3596074129038334,-0.11148149622182245,0.15289134902286605,-0.2137744735988963,-0.04374947050035189,-0.08460692377564555,-0.4267737169481734,-0.05633487331546348,-0.24883355863624274,-0.009547012491020723,1.361439026016942,0.16977656010201828,0.6022812620130571,0.15951479742710944,0.015002316239551873,0.3233421771155554,0.11743995851033105,-2.426621480663671,-0.0027240351137334073,0.034441184484167026,-0.5349607439107785,-0.007552249137079343,-0.19545360503914708
Myanmar,-2.219705675114237,-1.5715561246022935,-0.34825861679582887,0.06502197269022872,-0.00277314474213199,-1.9109200054020221,-0.011180129150070571,0.10322071276914357,-3.256391195432043,-0.1372698376562312,-0.11101577275881937,-0.22161988600137192,0.1746645612866996,-12.181293044725935,0.1528561956054182,0.003940378456736653,0.27141097233601613,-0.12034776888081979,-2.0612007317478858,-0.1470764866033096,0.006027072752867752,-0.03271445192436659,-0.002037906993646175,0.07755350720437491
Namibia,-0.4863994021887811,-0.48079902527687407,-0.18594200702029412,0.34845461749831885,0.03907916462590947,-0.20086736401646704,-0.14653247020425625,-0.19662219071500658,-0.2711424782099857,-0.10632651379174604,-0.03723923998399187,-1.0343603278316187,0.24845556406604374,0.5406792122764819,0.2759084300874383,0.016931576836341264,0.2563812074215093,-0.3098524202290719,-0.7170040546582459,-0.07242804685467491,0.0049770783438270886,-0.12460768720398846,0.019903153847553767,-0.44818287318779765
Nepal,-0.08085166276077871,0.09675737708659654,-0.30282681246369975,0.48338199014049676,0.12324267841065648,-0.08505396891998317,0.0442889979611391,0.22950458821534994,-0.18945895832694076,-0.02054868389742296,-0.01599226869760969,-1.4958604826225383,0.247528219366377,0.13796631944198454,0.2545961658572196,0.0015757426030722855,0.25247788976397717,-0.40260089161391077,-0.38297079294436115,-0.3037379014536236,0.004855540183525591,0.010286443084441998,-0.02729594341813936,0.17058383972786031
Netherlands,-0.4476740204511407,-0.23626808310484193,0.5050162215880198,0.05135304151836863,-0.4299567572587739,-0.4330262045427662,0.31157302012714355,-0.5269311319957751,1.3144738624447563,0.10353967343397925,0.5383307459119351,-0.5118827122587755,-0.4556856902279833,1.2208466239055542,-0.6578238752449397,-0.028691707826674247,-0.49001697888657875,0.06841628104901247,0.29774463922094585,-0.02609431755336118,-0.1292644806588578,-0.13941748262099282,-0.014756031335055013,-0.34592902027914535
New Zealand,-0.34254175240266704,-0.27755949631166005,0.4702754914529112,0.03235040073311211,-0.4089377256230455,-0.4357070387715794,0.297438342550613,-0.502415807693219,1.1356639701148379,0.11635485885787603,0.42074218920408385,-0.516269910852261,-0.41793042088243965,1.0009413049674458,-0.6575349049270153,-0.04421982071458842,-0.4896430056234021,0.09483938614981526,0.2991035304697471,0.0492089599710016,-0.13106689174807798,-0.13819180806851364,-0.016098048698113418,-0.39012648678988626
Nicaragua,-0.6745234128061202,0.33946727099642887,-0.32472272403614627,-0.33869801002287203,0.16450513589426918,-0.7471893559411,-0.0009367561579711037,0.015542352367556305,0.24318881615912688,-0.05657240322535472,-0.23295819447484972,-0.6631002032801371,0.2937859287180436,0.9796366040406429,0.19109994197293417,0.011641689884982043,0.19266934887906245,0.13375220089968934,-0.7577869454223037,-0.2435092334924957,0.027169430802987334,-0.028908710873765814,-0.0031286356718919707,0.026940540132000024
Nigeria,-0.6768119891195056,-1.176817749461561,-0.11975546178069635,0.10128735335125384,0.10082802927296143,-0.3172936385758112,0.08745067419691623,-0.4407666293595139,-0.04891426542431873,-0.09880288779927468,-0.05797685924600955,1.549109404580722,0.15509157624734143,0.6448111368706668,0.22557399469806114,0.017228385144098867,0.45213895543842225,-0.33693124610093944,-1.9290900579655499,0.05356765615995755,0.03458886481021182,0.13782379155263697,0.03899604158068541,-0.245259866959168
North Macedonia,-0.6453879776425129,0.35234264258893744,-0.34986308585515874,-0.060060079315026084,-0.14774318038585987,-0.809341835210289,-0.023920873479037253,0.057102932246270936,0.19566178997094538,0.028960869030979667,-0.08967679921239323,-0.45389539061579853,-0.010151325907499995,0.9671262264209508,-0.6456536833680002,0.013851136223747744,-0.5277210439827468,0.13402938139224715,0.2348996580950552,0.011481623776016931,0.08244379217860115,-0.13545568614928924,0.03968300805150648,0.24751565617674715
Norway,-0.3838729756378052,-0.27704490172668556,0.4668505886990067,0.04892411782652743,-0.5794867383210749,-0.44746747956429317,0.25480909753378,-0.5254567548184422,1.0864964750465516,0.10123317844881058,0.45841491927580136,-0.5226876281045952,-0.5393138578348953,1.102691831288821,-0.6577269258358865,-0.05021634482955051,-0.49018986608756676,0.060831411412709716,0.1616189423263313,-0.13121569885151985,-0.1345628563345508,-0.13985494915257732,-0.02370651849967544,-0.413489042460933
Pakistan,-0.01891372909274651,0.09056850031476643,-0.039983052938987386,-0.8690588623022631,0.06049197800934053,0.2149432788033846,-0.02202317926748947,-0.3696587780358641,-0.8420937906987092,-0.08068679819442877,0.025511228909235798,1.6819184025412142,0.17665221707024104,0.28745294626500256,0.17603567622572883,0.0058775578496170055,0.2874890530827179,-0.14251716016479804,-0.15081221529650066,-0.20990297442220254,-0.00416475785566945,0.0761957590774091,0.1347660997095227,0.06356827378727757
Panama,0.804439513701309,0.6416566745121418,0.8173238497767386,1.1819961313449858,-0.002737365900147779,-0.4328580469370354,0.008639569628103345,0.13534557992963528,0.757324720011602,0.921690542893989,-0.03666234390904719,-0.15901117296820302,0.6508071106689749,1.3742058047606407,0.6294760603024042,0.03606797731099505,0.8838871244237816,0.16814665372548915,0.9803723090219136,0.2089759617384516,0.05158006620153174,-0.1400290332478471,-0.0004120232623245101,0.35524124740091795
Paraguay,0.06976130133949482,0.07510907714700807,-0.5126191668839419,0.11423633295979016,0.01280163863539201,-0.0989074623279339,-0.010757535557986557,0.28606083794096776,-0.3140743994132572,-0.023052003778348082,-0.08463966444145626,-1.4793696294591245,0.21609713413537976,0.6075696062284259,0.1696501675908803,0.0006349321354900895,0.49137577968955154,-0.3507330829305647,-0.1584805721931116,-0.23961425295672598,0.016812056899143498,0.010331188853961067,-0.03135810651161591,-0.06438052140094441
Peru,0.22446318858619863,0.2892568540241882,0.03751220573887622,0.20947016409698335,0.12568539654770575,0.5236132588394866,-0.06682811057997241,0.05856716077109013,1.0729847775664894,-0.2920190306330096,-0.01491028174688836,3.955782999761341,0.18320954763483313,0.8408050101754952,0.14939161451504332,0.007449746724032594,0.28667081933224836,-0.11832816830086813,0.10952342573473288,0.11124338080887355,0.03269005521858162,0.265415560241554,0.10071331773779094,-0.24140696544029197
Philippines,2.737938002788196,-0.4006374087297081,-0.06156061783287896,-0.3888033805100804,0.04447220787002152,1.3305761107613399,0.05269766431091512,0.10171082835716333,-1.6507355206436842,-0.24951683924612553,0.006105573638269562,1.3073111250158218,0.15228430470164311,-5.951140588919438,0.1344421348879405,0.007538770022238168,0.2511074635236946,-0.11428439259612787,2.272545728787045,0.6832508075597343,0.024259025611620473,0.026869013860587074,0.0651892751385094,-0.17716570943313856
Poland,-0.6046134431631981,0.34826232017854636,-0.5413027895115374,0.07731449698281721,-0.1371298784186456,-0.07237675273965578,-0.025441755440751876,-0.11471756178716533,-0.19916227203197195,-0.014479195940039062,-0.1597681457775616,-0.4147728202885992,0.1707194245701612,1.033904368585554,0.533016261770972,0.018932140419019562,-0.5266040518070076,0.16643741309308097,0.2174265527022726,0.2550816693213073,0.06127559111737355,-0.11305292959776125,-0.0029166415565123316,0.2788225909648463
Portugal,-0.6210617539610029,0.35414888539076855,-0.6112676419957097,0.02171155424209246,-0.16659267841727343,-0.7176482481168932,-0.0038632496680293116,0.2069062192619458,0.39389276485013397,-0.014593318512925179,-0.04760953518767565,-0.420571503643223,0.30999822549965755,1.3903052520236452,-0.6567968112243397,0.014761986154317128,-0.5441734100130998,0.2148829640296208,-0.012276601216399285,0.06424743292911445,0.08110705661874817,-0.13529958389095553,0.04127304579844349,0.24158525560495037
Romania,-0.4039772712442027,0.21704851933405733,0.3557590870563297,-0.35536072652963413,-0.10821933297387659,-0.6111731876164412,-0.030970671398790728,0.21050125385569118,0.3551205512982051,0.2988211095554834,-0.10001325703597104,-0.38982952194855897,-0.38219411630030664,1.4039570365617147,0.11293237407779089,0.014633632122549898,-0.5444377157359122,0.0019471168422751362,0.05230109376829205,-0.03798895620139774,0.12617197564600247,-0.1353407974975562,0.014937735757121118,0.3178248828422329
Russian Federation,-0.5421989170994311,0.30515743231222586,-0.5409507246496651,-0.08110563923457448,-0.14595685541707099,-0.1067459083032918,-0.03964806692158163,-0.10134083225835638,-0.26853366462877604,-0.01570663103919287,-0.1074403848098882,-0.44446775546413847,0.2714284409347238,0.9802059315884981,0.24699935006239684,0.01960029835874593,-0.5835973640665907,0.11747407062055572,0.24611078708192508,-0.2284281413694407,0.05792126259817451,0.009633743919912376,-0.0026870164333377034,0.27675942698539074
Saudi Arabia,-0.1842035083306837,0.29326100013066025,0.38137764594733087,-0.29754243833923283,-0.12705423186915368,-0.42310517255842567,-0.020512806873684893,-0.9391331130005347,0.3295373235814986,0.22754166119138516,-0.0736652678750761,-0.5967446437609396,-0.5340526004287313,0.9714875586749986,-0.01300679677631706,-0.0816713544762024,-0.5962432495354733,0.03179040692228227,-0.02129128655182285,-0.30871702956144875,-0.3575592986333777,-0.13897118034758024,-0.04513330982415937,0.2684266915732587
Senegal,0.06534067002399752,-0.32452297252373685,0.023524772591208602,-0.25042271842871744,0.06835101896002016,0.622708677458013,0.10154867055323848,-0.23278198857149618,-0.058165300750843016,-0.27524875014306416,-0.02330314946040744,1.4957715217121403,0.15487686530444988,0.1800754595691933,0.21748604836844607,0.0013338548898718728,0.43258909464875617,-0.24626777943638445,-1.763084455156586,0.09215442367747528,0.03443159280376676,0.3198201216828875,0.12585955349724828,-0.1948728940716137
Serbia,-0.1306474935347069,0.44643188405943873,0.4928714469085469,-0.20405484068415716,-0.08178206664689242,-0.3255327905918966,-0.009478882931398402,0.07374223408303805,0.4701803570685661,0.5263734757457814,-0.062394170457500876,-0.3705706895841104,-0.35950599258358124,1.1547862850664388,0.17496733069478068,0.029345438472519164,-0.49518482728963137,0.0632857660168338,0.10060601666853472,0.11267833551000876,0.12948976039941953,-0.1388174452687963,-0.040355577282171,0.33297965523954187
Sierra Leone,-0.47522833195267594,-0.9173674096267314,-0.0891370530094764,-0.34443625659850113,0.07522353540247423,1.1588650007342403,0.038528623324461934,-0.2917591852382702,-1.97304193242202,-0.24631458692582783,-0.025317011324750636,1.361528824946854,0.15966778991816682,-0.1952238647105287,0.1514592454135709,0.008064429038222442,0.2832566005284389,-0.1006855755073775,-1.5625793765050184,0.5224632651775665,0.029273773459583482,0.10442781583463329,0.08404236444937851,-0.2030547370919885
Singapore,-0.5325198780982828,0.269913758329385,-0.32946531501569554,-0.2870026529905772,0.059929736706271795,-0.7457385528372833,-0.004764451473674853,0.3908829802647233,0.28149018744305065,-0.03644028530316973,-0.09631501918709545,-0.462044066476974,0.177086458929698,1.4228771571189283,0.6199074857364758,0.0173231711403605,0.43764265225778215,0.1250668113102438,0.08023805687418645,0.2539043652950022,0.04546198093514249,-0.02901239819380862,-0.003129174594505457,0.46105016514769886
Slovak Republic,-0.4047769466324826,0.3188705329376171,-0.5616904558605529,-0.3519318712930362,-0.18162897187486124,-0.6539621908399568,0.022039626903861062,-0.7907703401618165,0.31691191401027025,-0.0006632152033444072,-0.07664863420322945,-0.6251744304817112,0.32891258491428743,0.8912328765448365,-0.7220550253565307,0.009541190943673427,-0.5225812300893449,0.05904894240753492,0.17720076950132352,0.09301019053565142,0.07059355939287343,-0.13891998874896672,0.036858091092435645,0.22933570006924128
Slovenia,-0.24211875045197304,0.6226454784557791,0.4970254868127165,0.026998490729156402,-0.0777809113580679,-0.3105004671120696,0.16546813162658508,-0.5636081667960753,0.3954948768833492,0.6014490275461094,-0.0242218435830182,-0.45152775865901273,-0.33006295970044447,1.100092878499381,0.07940219278621953,0.03479188302953844,-0.4960572114403476,0.02653092191720134,0.22116745064173302,-0.03302971866205553,0.124209975043741,-0.13886218989369808,-0.04266855823952938,1.430923173347037
South Africa,-0.6224094231720483,0.27787569805386736,-0.34334229962298196,0.5296095007919758,-0.10243698831165603,-0.6284955049763812,-0.009752393824710453,0.2648356244263414,0.42900060928965106,-0.028291931788708098,0.059858112674992296,-1.4794015576731363,0.24543189519514272,1.2711770785466796,0.28214308549817363,0.011889145004843157,0.33716193367865344,-0.1837928821703099,-0.7370009896657939,-0.21917061073270816,0.02434270570433,-0.1353677217270888,-0.004872079130000202,0.1779408999001862
Spain,-0.26255815527974846,0.5354182977820711,0.47222561648025363,-0.24173630028520166,-0.5337613841497023,-0.44675450601105693,-0.04753696854550071,-0.6699196368384218,0.38116158683518736,0.3906580792670093,-0.05596150714396572,-0.47323550964221794,-0.33637213426598467,1.0250102240376873,0.012199982082820497,-0.11090165071509546,-0.4976103443240572,0.0684292731970163,0.09015036364715343,0.06874377340645879,0.1277881210761916,-0.13836728403271992,-0.0328993177661323,0.30760879022484006
Sri Lanka,-0.6797084037911918,0.26077289975093665,-0.025654635065584443,0.5089668187370444,0.021338688433352217,-0.6776513642498321,-0.18379085702548764,-0.17021883577361221,0.48086200077897956,-0.0026448401137076872,0.031931640133752805,-1.3288236418031192,-0.014615570802961884,1.2623426253095023,-0.4056365387658298,0.004884614119309845,0.3835925979739841,-0.047620656541948844,-1.11307872948757,-0.006505482391748956,0.032224131642760764,-0.35749819948221556,0.03559463192606927,0.14871139591579777
Sweden,-1.9825179221234703,-0.2398710641725029,0.46429492362310043,0.042782274193950795,1.187819663566147,-0.4768662867065723,0.31889255308884457,-0.17381398666242603,1.2492426667856853,0.10339747172881289,0.4667439759843728,-0.5877910984366008,-0.47036831455079664,0.8450350578470442,-0.6379033682636509,-0.030106197886943846,-0.44429285430540405,0.05186186316850581,0.2506182950028233,0.018697452871219867,-0.1326973645615726,-0.14040732760244282,-0.02049166655589943,-0.35899083803102255
Switzerland,-0.35362675223375845,0.3404580645819806,0.4611639730646027,0.01561794793210538,-0.6601966997800719,-0.45232521735015324,-0.016080735536252177,0.006483722439770645,1.0888418467402516,0.2041155117365588,0.30233414134794656,-0.5400005789236456,-0.5383719889780878,0.5416427735146317,-0.6750524160760688,-0.05923275738559823,-0.4952177876466158,0.06688742030196408,-0.012063956391357352,-0.08498569154646247,-0.13479300927533586,-0.13836728403271992,-0.021273294936690945,-0.6516256087593502
Tajikistan,-0.15920961729094416,0.4376609544234998,0.5085866699338737,-0.14947363497589322,-0.04624112718221568,-0.31874966561801554,-0.01580251516743374,0.07209061425550317,1.6178849296209956,0.385556210070481,-0.05106583720582421,-0.3111163145449427,-0.3213316934843533,1.3044398192389963,0.6461649896335439,0.013804744065419072,-0.37097115336764547,0.15827521035862446,0.30297142263298155,-0.024854512155961857,-0.13056503464584238,-0.1400150799835683,-0.04028625709048356,0.3341893622409225
Tanzania,-0.01688687551523799,-0.9015200435189854,-0.04790939046233689,0.04498549660547724,0.14714497108205252,0.08064729143237855,-0.04406629756529583,-0.3568516290822299,-0.018410306638616022,-0.10201124580914439,-0.1050317188032568,1.316957459289024,0.1569257823127373,0.12282327356440874,0.13011913863098015,0.01796991160541438,0.2520293043540732,0.0627992098453251,-2.0460638550440855,0.004572819270633772,0.03403256446990781,0.3192855720838179,-0.026752351587056182,-0.24421817340422422
Thailand,-0.14939018623532319,0.42526639516085196,0.4028724896327265,-0.2909165057447353,-0.1134816568266706,-0.35768495729513233,-0.05222810806884809,0.07607235035109625,0.38440218922307395,0.40502200117130543,-0.09865261705504963,-0.3896389893958985,-0.32994057857729786,1.0623766877932395,0.054197144084610044,0.02962292311625788,-0.49408067408250644,0.01552132434451778,0.24448301859483762,-0.24873810079116082,0.12413207345070987,-0.13883424660714808,-0.04115784359673853,0.30789514106807475
Togo,0.046201792142419436,0.2187702981045686,-0.4628756882006019,0.010476108099082922,0.19096436922079646,0.0187780730099621,0.05313582648161173,0.14132869163469877,-0.1635353584069344,-0.08118168247124231,0.11644324218224938,-0.5250702707038363,0.2635455482821817,0.2528485200914292,0.38884030237881234,0.011408436376241298,-0.11798736316526628,0.11656978627601347,0.0008915273360616993,0.09352237806984703,0.0547577779506355,0.010716946285492667,-0.039514432830619624,-0.835606890740637
Tunisia,-0.6868211233920374,0.2949124666547141,0.24617968061906936,-0.044515993508375686,-0.1507014376812049,-0.7317185576287011,-0.03402589235291089,0.0745756771176093,0.15973178081079822,0.13306914494422017,-0.09877306597350981,-0.4554098944978614,-0.5262458984017212,1.0149443855300524,-0.7757630456073094,0.012175124900750234,-0.6265963715749967,0.14594841358972188,0.20847032838239102,0.04433915851997881,-0.3573654400281794,-0.10872523560850823,-0.1296939778343949,0.23719741266531855
Uganda,-0.038179682431562015,-0.03263901355766393,-0.2494471863907347,0.33763539163392126,0.020906046318268635,0.1349450795663688,-0.16021436545228426,-0.2031291295473966,-0.24687092504271277,-0.11544418045002203,-0.11437842582508892,-1.1012988636353294,0.21251028689721352,0.07159883625918155,0.21713332280662143,0.010776692918298067,0.2339371020895487,-0.299815583947784,-0.742203023494967,0.07526284465910066,0.043799467760572953,0.3197069137508788,-0.04623221911024302,-0.44637465906844226
Ukraine,2.7399062229293123,1.7600045332409535,-0.16098526804204083,-0.0037843657436133073,0.012683355284220852,1.1731556929922773,-0.02786698411247926,-0.04587449790729806,-1.4186222240312418,-0.07423750796579952,0.012370249406558287,-0.18592207540401431,0.1419991696095167,-5.981933102054354,0.23800979957013624,0.007507303908423637,0.27909533726602603,-0.10329978477198892,-0.6466703791048348,-0.011248179805170367,0.04349768167448929,0.008194251128406905,0.00027071266216807996,0.14558220109527611
United Kingdom,-1.2846339994822664,0.4172035670132573,0.46279936790645365,0.03105819299295945,1.6763150786455572,-0.46189827679911105,-0.004818133091648633,0.05399700397534616,1.1215076968293578,0.20887253899621555,0.5087106915693039,-0.3699365917990326,-0.4538116016287313,1.2666029239009822,-0.6108247459994164,-0.03786918755928127,-0.3533176398612159,0.06321589811726881,0.3683851327692173,0.031663324637738695,-0.1303248756334051,-0.13818260331056081,-0.02073822319303872,-0.4003087996886461
United States,-0.24242884059989592,0.5596812046511331,0.48493277694916176,-0.259720126899856,-0.0893284380102068,-0.3979674367867847,0.06532210727995334,-0.6425882932404465,0.41337234085101954,0.25829837975444664,-0.06035149092678694,-0.4534087971501685,-0.4184423728377806,1.069745174370837,0.08545758776832373,0.024936302626083488,-0.4958656440944469,0.06287022910959422,0.03886986636896836,-0.06887410138870109,0.12570677711050848,-0.1388556757826882,-0.04166700296715135,0.2940649291248701
Uruguay,-0.2709540858159562,0.4090447041435982,-0.6446143454605954,-0.43046662278336956,-0.14856389778852644,-0.6236543208693184,0.01841624611744919,0.04524022205347137,0.3639110354861259,-0.16423092400346376,-0.08689453687926289,-0.45593582633344343,0.3302310890609078,0.9904026575319586,-0.2417769129574299,0.018489846597985887,-0.5224584762059385,0.1264219788552873,0.2059351027672892,-0.24052400020598724,0.07220899893502064,-0.13895751079544424,-0.004060996954794973,0.2625093593641577
Uzbekistan,-0.20359550199968,0.4111918633776986,0.5074522694595077,-0.268720015653862,-0.12198087849682906,-0.38856331888382556,-0.013878534559316903,0.07421847870140481,1.59737832057388,0.36929759758331326,-0.07427278824969108,-0.3018434662191794,-0.36012921124605785,1.1177753200689948,0.09819447223999304,-0.08726693380664073,-0.36656623367329305,0.10629932507779813,0.14765714557815954,-0.3105361179017564,-0.1323089599008381,-0.1389987609689706,-0.044150315301958475,0.30539098045432184
West Bank and Gaza,-0.5144315904732321,0.16636551948116904,0.31711611558727326,-0.33088048249994245,0.01086485693753275,-0.6333284042472224,-0.010739735892170756,0.3431288840671368,0.31112669977355834,0.1725854668692591,0.03261253468506766,-0.3769738792222779,-0.3650565803622885,1.3827434603465736,0.07011239100247621,0.009815094207606307,0.4355597456736723,0.18050205873078085,0.36937799739105687,-0.23308737278426633,0.08510454631741596,-0.029496293209595025,0.0009682135163166095,0.15848202750019483
Zambia,2.513905046627806,-1.174338959956185,-0.13160503343031904,0.03675421898965396,-0.15214051479069896,1.3758654905192271,0.049199560964996183,-0.13599466846194447,-1.5613715610676808,-0.21714117125687152,-0.01032769218823887,0.9610830153101233,0.13419082832457208,-5.490343557345291,0.11480227677340736,0.00807135476718031,0.18899725123388633,-0.10645732138313178,1.502019255858795,0.23106329446242854,0.02259627422362655,0.06225330074189515,0.004217052139247244,-0.15042800146340596
Zimbabwe,1.1250110375423537,-0.30680213154117153,-0.07494693131564872,-0.34671794272894657,0.14504842450547584,1.5961913959036065,0.13994954607413773,-0.19980802893828695,-1.894256491121232,-0.245962255150871,-0.011781432747757208,1.6288410336994092,0.16295517183825722,-1.1769430725104348,0.18358286629620124,0.008098721778642357,0.2832894578467676,-0.10057140483299008,-1.3102450349087302,0.5283087554939903,0.029599439459573204,0.32414743665011886,0.06963712602850138,-0.20489783243927376
